{"schemaVersion":"1.0","appDefinitionTemplate":{"id":"/providers/Microsoft.PowerApps/apps/","type":"Microsoft.PowerApps/apps","tags":{"primaryDeviceWidth":"1366","primaryDeviceHeight":"768","sienaVersion":"20211103T214020Z-3.21102.25.0","deviceCapabilities":"","supportsPortrait":"true","supportsLandscape":"true","primaryFormFactor":"Tablet","publisherVersion":"3.21102.25","minimumRequiredApiVersion":"2.2.0","hasComponent":"true","hasUnlockedComponent":"true","isUnifiedRootApp":"false"},"properties":{"appVersion":"2021-11-03T21:40:20Z","lifeCycleId":"Published","createdByClientVersion":{"major":3,"minor":21102,"build":25,"revision":0,"majorRevision":0,"minorRevision":0},"minClientVersion":{"major":3,"minor":21102,"build":25,"revision":0,"majorRevision":0,"minorRevision":0},"backgroundColor":"RGBA(0,176,240,1)","backgroundImageUri":"/4973273195259290643/N05987d31-79f1-49d4-a9e5-759bdebcf13f-logoSmallFile","displayName":"Advent Calendar","description":"","commitMessage":"","appUris":{"documentUri":{"value":"/4973273195259290643/Nd495da7f-463d-4d74-a53e-7ef992d85c18-document.msapp"},"imageUris":[]},"createdTime":"0001-01-01T00:00:00Z","lastModifiedTime":"0001-01-01T00:00:00Z","sharedGroupsCount":0,"sharedUsersCount":0,"icons":{"smallIconUri":"/4973273195259290643/Nb72d9494-da47-433f-8030-8ed83a91bb4b-small.png","mediumIconUri":"/4973273195259290643/N7950aa7d-82e2-4de4-a955-89c8c64d27d1-medium.png","largeIconUri":"/4973273195259290643/N7ec52c84-fa63-4864-87d5-fab2b9366cdf-large.png","wideIconUri":"/4973273195259290643/N76e90914-d567-48aa-952c-4c686b211281-wide.png"},"connectionReferences":{},"databaseReferences":{},"almMode":"Solution","performanceOptimizationEnabled":true,"canConsumeAppPass":true,"executionRestrictions":{"isTeamsOnly":false,"dataLossPreventionEvaluationResult":{"status":"Compliant","lastEvaluationDate":"2021-10-16T21:29:14.8362186Z","violations":[],"violationsByPolicy":[],"violationErrorMessage":"The app uses the following connectors: ."}}},"appType":"ClassicCanvasApp","appComponents":[]}}