{"schemaVersion":"1.0","appDefinitionTemplate":{"id":"/providers/Microsoft.PowerApps/apps/","type":"Microsoft.PowerApps/apps","tags":{"primaryDeviceWidth":"1366","primaryDeviceHeight":"768","sienaVersion":"20211105T104929Z-3.21102.25.0","deviceCapabilities":"","supportsPortrait":"true","supportsLandscape":"true","primaryFormFactor":"Tablet","publisherVersion":"3.21102.25","minimumRequiredApiVersion":"2.2.0","hasComponent":"true","hasUnlockedComponent":"true","isUnifiedRootApp":"false"},"properties":{"appVersion":"2021-11-05T10:49:29Z","lifeCycleId":"Published","createdByClientVersion":{"major":3,"minor":21102,"build":25,"revision":0,"majorRevision":0,"minorRevision":0},"minClientVersion":{"major":3,"minor":21102,"build":25,"revision":0,"majorRevision":0,"minorRevision":0},"backgroundColor":"rgba(204, 204, 204, 1)","backgroundImageUri":"/4973273195259290643/N4d16d748-5da7-4619-9aec-e8e11a60719f-logoSmallFile","displayName":"Advent Calendar","description":"","commitMessage":"","appUris":{"documentUri":{"value":"/4973273195259290643/Nae9cc94a-f1e3-4923-aeb8-268ca3c679a2-document.msapp"},"imageUris":[]},"createdTime":"0001-01-01T00:00:00Z","lastModifiedTime":"0001-01-01T00:00:00Z","sharedGroupsCount":0,"sharedUsersCount":0,"icons":{"smallIconUri":"/4973273195259290643/N7d2b12d4-a7e2-4470-839b-2e82b95fedba-small.png","mediumIconUri":"/4973273195259290643/N0e66ed1a-6e31-4d94-a19d-1dea80a96b2b-medium.png","largeIconUri":"/4973273195259290643/N8d3d9567-6e7c-4817-bdd7-00cef381f123-large.png","wideIconUri":"/4973273195259290643/Nd640179b-d863-49a6-8327-ad10afa303d5-wide.png"},"connectionReferences":{},"databaseReferences":{},"almMode":"Solution","performanceOptimizationEnabled":true,"canConsumeAppPass":true,"executionRestrictions":{"isTeamsOnly":false,"dataLossPreventionEvaluationResult":{"status":"Compliant","lastEvaluationDate":"2021-10-16T21:29:14.8362186Z","violations":[],"violationsByPolicy":[],"violationErrorMessage":"The app uses the following connectors: ."}}},"appType":"ClassicCanvasApp","appComponents":[]}}