{"schemaVersion":"1.0","appDefinitionTemplate":{"id":"/providers/Microsoft.PowerApps/apps/","type":"Microsoft.PowerApps/apps","tags":{"primaryDeviceWidth":"1366","primaryDeviceHeight":"768","sienaVersion":"20211105T104735Z-3.21102.25.0","deviceCapabilities":"","supportsPortrait":"true","supportsLandscape":"true","primaryFormFactor":"Tablet","publisherVersion":"3.21102.25","minimumRequiredApiVersion":"2.2.0","hasComponent":"true","hasUnlockedComponent":"true","isUnifiedRootApp":"false"},"properties":{"appVersion":"2021-11-05T10:47:35Z","lifeCycleId":"Published","createdByClientVersion":{"major":3,"minor":21102,"build":25,"revision":0,"majorRevision":0,"minorRevision":0},"minClientVersion":{"major":3,"minor":21102,"build":25,"revision":0,"majorRevision":0,"minorRevision":0},"backgroundColor":"rgba(204, 204, 204, 1)","backgroundImageUri":"/4973273195259290643/N26ac779b-df56-4299-8093-12456fc60f57-logoSmallFile","displayName":"Advent Calendar","description":"","commitMessage":"","appUris":{"documentUri":{"value":"/4973273195259290643/N5654aaf0-e277-4e1e-981e-5fcc6f887244-document.msapp"},"imageUris":[]},"createdTime":"0001-01-01T00:00:00Z","lastModifiedTime":"0001-01-01T00:00:00Z","sharedGroupsCount":0,"sharedUsersCount":0,"icons":{"smallIconUri":"/4973273195259290643/Ncd41dd61-3a22-435f-a6aa-5e5c5e650a06-small.png","mediumIconUri":"/4973273195259290643/N06dcee88-0a53-475c-a418-9b5cc571d4fc-medium.png","largeIconUri":"/4973273195259290643/N595c3bed-36ab-4bf1-becd-18d41bfe9629-large.png","wideIconUri":"/4973273195259290643/N5df1b4ce-b75b-4016-89dd-525796435495-wide.png"},"connectionReferences":{},"databaseReferences":{},"almMode":"Solution","performanceOptimizationEnabled":true,"canConsumeAppPass":true,"executionRestrictions":{"isTeamsOnly":false,"dataLossPreventionEvaluationResult":{"status":"Compliant","lastEvaluationDate":"2021-10-16T21:29:14.8362186Z","violations":[],"violationsByPolicy":[],"violationErrorMessage":"The app uses the following connectors: ."}}},"appType":"ClassicCanvasApp","appComponents":[]}}