{"schemaVersion":"1.0","appDefinitionTemplate":{"id":"/providers/Microsoft.PowerApps/apps/","type":"Microsoft.PowerApps/apps","tags":{"primaryDeviceWidth":"1366","primaryDeviceHeight":"768","sienaVersion":"20211102T203312Z-3.21102.25.0","deviceCapabilities":"","supportsPortrait":"true","supportsLandscape":"true","primaryFormFactor":"Tablet","publisherVersion":"3.21102.25","minimumRequiredApiVersion":"2.2.0","hasComponent":"true","hasUnlockedComponent":"true","isUnifiedRootApp":"false"},"properties":{"appVersion":"2021-11-02T20:33:12Z","lifeCycleId":"Published","createdByClientVersion":{"major":3,"minor":21102,"build":25,"revision":0,"majorRevision":0,"minorRevision":0},"minClientVersion":{"major":3,"minor":21102,"build":25,"revision":0,"majorRevision":0,"minorRevision":0},"backgroundColor":"RGBA(0,176,240,1)","backgroundImageUri":"/4973273195259290643/N4c5cdf1f-0710-4b95-a95d-3fd55beada95-logoSmallFile","displayName":"Advent Calendar","description":"","commitMessage":"","appUris":{"documentUri":{"value":"/4973273195259290643/N48bc9065-8d34-40d0-a9fb-6855b15c54bf-document.msapp"},"imageUris":[]},"createdTime":"0001-01-01T00:00:00Z","lastModifiedTime":"0001-01-01T00:00:00Z","sharedGroupsCount":0,"sharedUsersCount":0,"icons":{"smallIconUri":"/4973273195259290643/N30bc4dea-2f83-4950-8c98-7ceac5ba8b85-small.png","mediumIconUri":"/4973273195259290643/N7d50368c-4ba0-43d0-89eb-5b2844cbf05b-medium.png","largeIconUri":"/4973273195259290643/N03fc0c2b-87db-4c8b-8251-66dca3381d3c-large.png","wideIconUri":"/4973273195259290643/Nfc9de7d8-fe72-4364-b9c9-81bef6483db3-wide.png"},"connectionReferences":{},"databaseReferences":{},"almMode":"Solution","performanceOptimizationEnabled":true,"canConsumeAppPass":true,"executionRestrictions":{"isTeamsOnly":false,"dataLossPreventionEvaluationResult":{"status":"Compliant","lastEvaluationDate":"2021-10-16T21:29:14.8362186Z","violations":[],"violationsByPolicy":[],"violationErrorMessage":"The app uses the following connectors: ."}}},"appType":"ClassicCanvasApp","appComponents":[]}}